ax,ay,az,gx,gy,gz,label
-0.07862900,-0.07234600,0.32897300,-0.03067974,-0.11787830,-0.09664902,1
0.02702300,0.13517600,0.21252400,-0.08271276,0.01075230,0.04062968,1
0.12724600,0.04087000,-0.54534000,-0.04906616,0.07454642,0.17079998,1
0.00951600,0.05380200,-0.92622400,-0.05749952,0.10546172,-0.43877574,1
-0.00646600,0.91872100,0.43005000,-0.14673360,0.14408862,0.58832618,1
-0.11297200,-0.48610900,-1.04035500,0.08854924,0.12480442,-0.65535522,1
0.10937300,0.02812100,-0.35190900,-0.43849130,-0.30450990,0.46128238,1
0.05307000,-0.14322800,0.25132000,-0.55384420,-0.25864360,1.20891992,1
0.01683600,0.11217900,-0.05520500,0.18983978,0.06384430,-1.60039048,1
0.04221200,0.04428600,0.05990200,-0.02410564,0.05493280,0.12310428,1
-0.07716500,-0.09790500,0.27712300,0.01517490,-0.02968340,-1.01866206,1
0.03452600,-0.03995500,-0.04355400,0.13769522,0.06343090,-0.48057568,1
0.11882800,0.00762500,0.29371500,0.01547182,0.26495742,0.53067716,1
0.10662800,0.02257000,-0.17403300,0.12892464,0.00026078,-1.09097508,1
-0.00603900,-0.01372500,0.19550500,-0.15763566,1.03246572,0.77928734,1
-0.07722600,-0.08607100,0.15353700,0.04382430,1.12452054,-0.16196258,1
0.10980000,0.01714100,0.15524500,0.27074190,-0.08752410,0.02170818,1
0.10339500,0.07063800,-0.05605900,0.06709482,0.10946468,0.19897956,1
-0.12456200,0.05343600,0.02470500,0.21720244,-0.01894200,-0.12631554,1
-0.00378200,0.02019100,-0.03001200,0.03598608,-0.07944560,0.23881624,1
0.02074000,-0.05788900,0.17098300,-0.07839130,-0.04147680,-0.15606682,1
-0.03727100,0.03623400,-0.10156500,0.18235724,0.09664512,0.48004892,1
-0.02049600,-0.03714900,0.11748600,0.10626512,0.19155188,-0.31511298,1
0.03220800,0.00353800,-0.18806300,0.06988618,-0.21201750,0.14663610,1
-0.06935700,0.10028400,-0.66636400,0.09165676,-0.05247140,0.02407834,1
0.01305400,0.01250500,0.24827000,-0.00290082,0.01225094,-0.12121018,1
-0.01317600,-0.11339900,-0.05063000,0.05885880,-0.03154610,0.36212566,1
-0.10126000,-0.20087300,0.41040800,-0.01926314,-0.02118660,-0.07210918,1
0.10803100,-0.19715200,0.27523200,-0.13159224,0.18282888,0.00840606,1
0.11516800,0.00225700,-0.73706300,-0.08608262,0.20239180,0.11714976,1
0.00146400,-0.10931200,0.25119800,-0.07891468,-0.14654280,-0.06773728,1
-0.04270000,-0.11156900,-0.00786900,-0.01442168,-0.02100570,-0.17429334,1
-0.00555100,0.05404600,-0.05490000,0.04919564,0.14981720,1.98832452,1
0.03464800,0.02781600,-0.20782700,0.03264482,0.17243512,-0.09488388,1
-0.04764100,-0.02952400,0.27779400,0.03480802,0.05530616,0.53728662,1
0.00689300,0.00524600,0.13468800,-0.00072176,0.01316302,-1.43625768,1
0.16732300,0.21728200,-0.04056500,0.05011916,0.04470128,-0.88556806,1
-0.02543700,-0.16024700,0.38186000,0.02511808,0.00747682,-1.04727324,1
-0.02391200,-0.18336600,0.05795000,0.01178034,0.00619138,-1.01702406,1
-0.06856400,-0.01320000,0.32811900,-0.00763308,0.05035000,-0.92297374,1
-0.03214700,0.05582000,-0.12840500,0.00124852,-0.08760000,-1.18800032,1
-0.01750700,-0.05900000,0.29060400,-0.22392838,0.19037000,0.98925398,1
0.00744200,-0.22880000,0.46744300,-0.68162874,-0.16250000,0.72744724,1
0.06319600,0.07985000,0.14749800,-0.19702800,0.14168000,1.62338878,1
-0.08979200,-0.26070000,0.31976200,0.31288348,0.31535000,0.18121454,1
-0.00006100,-0.19140000,-0.02257000,-0.02389270,-0.68330000,-0.94598660,1
-0.04654300,0.04185000,-0.28047800,0.16060694,0.15145000,-0.18263128,1
-0.08302100,-0.07220000,0.31134400,0.47451586,0.09083000,-0.27071096,1
-0.10516400,0.00567000,-0.79080400,0.02552680,-0.54090000,1.12560760,1
-0.23295900,-0.02450000,-0.29969300,-0.04406922,-0.17720000,-0.24380304,1
0.05172800,0.18129000,-0.97575600,0.14604200,-0.28130000,0.62469810,1
0.02537600,0.08070000,-0.89487000,-0.02049268,0.11316000,0.86167614,1
0.21215800,0.39382000,0.18080400,0.00061178,0.04499000,-1.05163786,1
-0.06984500,-0.01620000,0.93769200,0.07274046,-0.02510000,-0.99861060,1
-0.02482700,-0.03510000,-0.73779500,0.03509974,0.05017000,-0.36352212,1
-0.03714900,-0.12230000,-1.03358400,-0.05136014,-0.13160000,1.13755486,1
-0.22106400,-0.18710000,0.02549800,-0.03194854,0.04953000,0.06245434,1
-0.01988600,0.13194000,0.06649000,0.01292434,-0.07200000,-0.01716884,1
0.00671000,0.04008000,0.45963500,0.11051300,0.06484000,0.33778056,1
0.03233000,0.05222000,0.03489200,-0.01025206,0.09700000,-0.53440764,1
0.05642500,-0.01340000,0.06350100,-0.16679468,-0.03750000,-0.15875496,1
0.05136200,0.01568000,-0.24595200,-0.01580462,0.08745000,0.50702210,1
-0.17159300,-0.12810000,0.03867400,0.08585252,-0.18530000,-0.42976284,1
0.07472500,0.02001000,-0.17744900,-0.00100906,-0.08100000,0.13692198,1
-0.16909200,-0.24450000,0.16720100,0.00461110,0.17959000,0.12303122,1
0.29084800,-0.41000000,0.43938300,-0.13482378,-0.11070000,-0.16161288,1
0.06990600,0.11499000,-0.89316200,0.01760122,0.05524000,0.09399728,1
0.00164700,0.02019000,-0.82594000,0.07387146,0.01369000,-0.10764208,1
0.00061000,0.00860000,-0.78317900,-0.00469560,-0.04990000,0.10638966,1
0.00183000,0.00641000,-0.76079200,0.03577782,-0.06160000,0.01194518,1
-0.00176900,0.00610000,-0.74639600,-0.02576678,-0.03700000,-0.10016214,1
0.84277600,0.72761000,1.05145700,-0.05032924,0.14482000,0.26977236,1
-0.23363000,-0.69340000,-0.92512600,-0.03461718,-0.06160000,-0.09743006,1
0.11266700,0.61525000,-0.69747400,0.03078816,0.12801000,-0.00932698,1
-0.17958400,-0.44600000,-0.15536700,-0.03650946,-0.09750000,-0.14850108,1
0.02867000,-0.00323300,0.09930800,0.02255604,-0.18454930,-0.05810766,1
0.01573800,-0.06008500,-0.02452200,0.03188770,-0.20189440,0.03114540,1
-0.11840100,-0.03910100,0.15396400,-0.00262262,-0.18857830,-0.08047884,1
-0.04568900,-0.01860500,-0.12913700,-0.05566470,-0.12554180,0.06188312,1
0.09979600,-0.02738900,-0.23674100,0.02496390,-0.11391540,-0.00774410,1
0.07094300,0.01659200,0.10711600,-0.03269578,-0.12748060,-0.05779176,1
-0.52655200,0.82716000,-0.73200000,-0.02081118,-0.18633340,0.15623998,1
0.09967400,-0.10937300,-0.69716900,-0.02119832,-0.44452590,-0.11353576,1
0.01226100,-0.27541500,-0.46549100,-0.03362528,-0.17553800,0.07726134,1
-0.33397500,0.17702200,-0.34099000,0.01936246,-0.01599290,0.00816218,1
0.17019000,-0.15701400,-0.54997600,-0.00867542,-0.07068460,-0.03333382,1
0.03184200,0.12736800,-0.08851100,0.07077382,0.19114186,0.15192788,1
-0.06179300,-0.06362300,0.22027100,-0.03606876,-0.16837760,-0.15927652,1
0.10443200,0.00500200,0.05941400,-0.03055702,-0.17249750,0.10731006,1
-0.06344000,-0.00506300,-0.18135300,0.07299942,0.29169660,-0.01855568,1
0.03172000,0.03080500,0.09790500,-0.06066736,0.18210426,-0.05342558,1
0.01878800,0.02696200,0.11962100,0.03233308,0.03151122,0.09582690,1
0.00530700,0.00890600,0.08723000,0.00083486,-0.22750030,-0.17142788,1
0.04995900,0.01348100,0.30780600,-0.04003636,-0.06819280,0.13136604,1
-0.04709200,-0.17470400,0.11949900,0.05200754,0.12143742,-0.14774578,1
-0.02464400,-0.02250900,-0.38466600,-0.01276626,-0.15228620,0.15332902,1
-0.11766900,-0.00280600,0.36441400,-0.02589106,-0.15479850,-0.14309204,1
-0.13316300,-0.02080100,-0.13212600,-0.00969774,-0.18268280,0.09932312,1
0.07643300,0.00494100,0.09095100,0.09463974,0.14445496,0.56639388,1
0.01677500,0.01421300,0.03763700,-0.02406378,0.11563526,-1.13992658,1
0.14152000,-0.04190700,-0.18806300,-0.10806094,-0.26223050,0.52104078,1
-0.07978800,-0.13914100,-0.22850600,-0.02912442,-0.04130280,0.49937316,1
0.10565200,-0.06527000,-0.23674100,-0.01366456,0.06194916,-0.68244072,1
0.05758400,-0.04733600,0.25986000,0.16878238,0.10455302,0.53843556,1
0.08912100,-0.05788900,0.16049100,0.00703976,0.01437176,-0.26505310,1
-0.02269200,0.01659200,0.14542400,-0.10370932,-0.05860350,0.03219138,1
-0.01525000,0.03995500,0.01439600,0.04063202,0.02568956,0.06534268,1
0.19544400,-0.01976400,0.10943400,-0.00391326,0.02873234,-0.08201050,1
0.07948300,-0.15817300,-0.25156400,0.00573092,0.00689104,0.10103444,1
0.11181300,0.02043500,-0.38204300,0.02174978,-0.02083150,-0.14120756,1
0.12041400,-0.07265100,-0.77482200,-0.02165696,0.01073306,0.08026408,1
-0.46561300,-0.11852300,-0.22277200,-0.00949884,-0.00323050,-0.06142760,1
0.04684800,0.03849100,-0.32061600,0.02306434,-0.01071620,0.04849390,1
0.01067500,0.05984100,0.13115000,-0.02377960,-0.02784110,-0.06034080,1
0.02098400,0.01250500,0.12608700,0.01684436,0.05750628,0.07449468,1
-0.08375300,0.12761000,-0.01317600,0.07481552,-0.15430000,0.12973116,1
0.00317200,-0.04170000,0.03220800,0.01416896,-0.07470000,-0.00455728,1
0.00134200,-0.02040000,-0.19556600,-0.07209644,0.07398000,-0.22388574,1
-0.00122000,0.06137000,0.19886000,0.07639788,0.12479000,0.32075394,1
-0.00744200,-0.06710000,-0.11169100,-0.05174936,-0.16310000,-0.19309290,1
0.05398500,-0.01120000,0.24314600,0.00174746,-0.35280000,0.01187420,1
0.03300100,0.12621000,-0.08161800,0.04287556,-0.11670000,0.00506766,1
0.10784800,0.15207000,0.36752500,-0.05746650,-0.09810000,-0.05605314,1
0.01335900,-0.11990000,-0.09302500,0.02847728,-0.05650000,0.13597688,1
0.02671800,-0.00560000,0.11980400,-0.02408380,-0.07600000,-0.18974384,1
0.03446500,-0.00060000,-0.11132500,0.01944202,-0.03500000,0.13966264,1
0.07984900,-0.02710000,0.08979200,0.01456052,0.02215000,-0.07019480,1
-0.07435900,0.01403000,0.19861600,-0.03356470,-0.18740000,-0.00871416,1
-0.02250900,-0.05700000,-0.18885600,0.03679858,-0.18060000,0.06327360,1
0.03824700,-0.06670000,-0.01952000,-0.03584542,-0.13640000,-0.14896102,1
0.02305800,-0.00360000,0.07332200,0.06852898,-0.05410000,0.40234532,1
0.01299300,-0.17400000,-0.23363000,-0.03070392,-0.27050000,-0.44137262,1
-0.04514000,0.02647000,0.01384700,-0.09866194,-0.18760000,-0.07731542,1
0.01299300,0.10724000,0.20849800,0.12144548,0.24917000,0.38344774,1
-0.04666500,0.07662000,0.04886100,-0.06951542,-0.08640000,-0.45023576,1
0.08759600,0.04185000,0.11907200,0.02549118,0.02837000,0.22981452,1
-0.08405800,0.04569000,-0.12181700,0.01738204,0.13018000,-0.02713776,1
0.08399700,-0.03290000,-0.03714900,-0.13385710,-0.30750000,0.35523618,1
0.05551000,-0.06570000,0.00512400,-0.04473950,-0.14420000,-0.10194184,1
-0.00860100,0.02373000,0.17568000,-0.05077878,0.00351000,-0.37733930,1
-0.02641300,-0.05770000,-0.40003800,0.17005300,-0.03290000,0.49680332,1
0.13267500,-0.11600000,-0.95294200,-0.00734916,0.02236000,-0.34398364,1
-0.29078700,0.00397000,0.86882300,-0.02798926,0.09011000,0.22516572,1
-0.10894600,0.03989000,0.08716900,0.05571696,0.05427000,-0.04017260,1
0.01488400,0.15476000,-0.13438300,-0.06499662,-0.08900000,-0.13484224,1
0.04855600,-0.03350000,0.06789300,0.06786130,-0.04720000,0.17835298,1
-0.07911700,-0.00450000,0.30981900,-0.04888520,0.05332000,-0.21622406,1
-0.01738500,-0.06850000,-0.16036900,-0.04521036,0.04366000,0.13344526,1
0.06368400,-0.01180000,0.39064400,0.00287508,-0.00030000,-0.05016700,1
0.21038900,0.07216000,-0.20477700,0.02157480,-0.01620000,0.22266868,1
-0.03946700,-0.08740000,-0.28737100,-0.03597516,-0.02940000,-0.36534056,1
-0.00811300,-0.06970000,0.19416300,-0.06874946,-0.03710000,0.03779412,1
-0.08582700,0.05612000,0.00866200,0.12876864,-0.01560000,0.45279598,1
0.05008100,-0.04540000,-0.02867000,0.00765258,0.00057000,-0.47094060,1
-0.04471300,0.09120000,-0.02604700,-0.05757492,-0.01250000,0.31604534,1
-0.08826700,0.30512200,1.02449500,-0.03171792,-0.08197570,0.14244386,1
-0.06771000,0.05801100,-0.68429800,0.01117298,-0.00242400,-0.04006236,1
-0.27151100,-0.38491000,0.41303100,0.01388816,0.14653366,0.18623202,1
-0.04892200,0.06374500,-0.62933700,0.04199624,0.08587696,0.07166328,1
-0.46433200,-0.51093600,0.41583700,-0.04232722,-0.04794240,-0.09477572,1
0.37765100,-0.01293200,0.02336300,-0.01607710,0.00984724,0.11397646,1
0.01348100,0.05971900,-0.71736000,0.05635552,-0.01604070,-0.13406484,1
-0.13609100,0.34526000,-0.17940100,-0.04667286,0.00165438,0.05566808,1
0.12785600,-0.19074700,-0.55156200,-0.01152918,0.00476996,0.02559076,1
0.02104500,0.08009300,-0.53314000,0.06000930,-0.01316770,-0.03889522,1
-1.32431000,-0.45036300,-0.62396900,-0.05344872,-0.02423410,-0.02418962,1
0.06642900,0.07362700,-0.32037200,-0.05568784,0.04914780,0.00515736,1
0.02336300,0.00408700,-0.65196800,0.05653336,0.02481466,-0.03349476,1
0.27559800,-0.27120600,-0.24021800,0.04491916,-0.22388810,-0.07232992,1
1.27971900,1.34474500,1.21249700,-0.04066296,-0.28718790,-0.00062452,1
0.00378200,0.05862100,-0.23552100,-0.01653730,-0.21897900,-0.00718250,1
-0.60823100,-0.38911900,0.53789800,0.05971992,0.04087824,0.04497870,1
-0.18171900,-0.02214300,-0.15975900,-0.05511584,0.04524000,-0.21700692,1
0.36862300,0.82002300,0.98203900,0.01543516,-0.00913200,0.47396050,1
0.10199200,0.06002400,-0.43438100,0.14085864,0.10675808,0.35544704,1
-0.73559900,-0.31927400,1.04011100,-0.04041674,-0.05957980,-0.59865234,1
-0.03635600,0.02177700,-0.66044700,0.07402408,-0.13304100,0.74945728,1
0.08784000,0.15701400,-0.14823000,-0.00488644,0.03320382,0.13658996,1
0.15982000,-0.25412600,-0.36874500,-0.03233958,0.01380496,-0.18381740,1
-0.51380300,-0.27102300,1.14314000,-0.07054164,-0.04825650,0.16310190,1
0.56418900,0.47415300,0.87693600,0.02665962,0.08352838,-0.09489376,1
0.00512400,0.06838100,-0.67039000,0.03941990,-0.08786230,-0.02576392,1
0.14768100,0.11047100,0.88578100,-0.09584822,0.03509090,0.01022866,1
-0.25845700,-0.16061300,0.15524500,0.04474626,-0.07775510,-0.04665856,1
0.00158600,-0.11846200,0.11535100,0.02638844,-0.35456120,0.01139138,1
-0.01701900,0.04886100,-0.70961300,-0.03727958,-0.08551010,-0.01438450,1
0.07753100,-0.04715300,-0.75091000,0.04921176,-0.14692780,0.04801940,1
0.10046700,0.03806400,0.29951000,-0.05249400,-0.18501290,-0.07948226,1
-0.32592300,-0.33702500,0.57236300,0.01826526,0.00632450,0.15277886,1
-0.12407400,0.06386700,-0.36252300,-0.01051310,-0.02295640,-0.21562502,1
0.08180100,0.06136600,0.11102000,-0.01428856,0.09783176,0.41475824,1
-0.14755900,-0.09406200,-0.17720500,0.18941286,0.09683726,1.18872442,1
-0.32982700,-0.33177900,0.79019400,0.04457570,0.01820702,-0.85735572,1
0.04282200,-0.03910100,-0.59902000,-0.06660264,0.00282386,-0.98124260,1
0.00311100,0.01409000,-0.71906800,0.02492854,-0.01870000,-0.68220958,1
-0.42681700,-1.05110000,0.41754500,-0.02346890,0.00858000,-1.42822108,1
-0.05160600,0.01068000,-0.71638400,-0.05113368,-0.28740000,0.46322172,1
-0.96953400,0.97161000,0.48885400,0.10331594,-0.13940000,1.04768690,1
0.35556900,-0.04090000,-0.12980800,0.01633632,0.33604000,0.15122978,1
0.15689200,0.40297000,-0.27565900,-0.17526808,0.15705000,0.16252886,1
-0.01640900,0.11065000,-0.63000800,-0.15502890,0.00406000,-0.00094952,1
-0.03891800,0.03270000,-0.69363100,-0.16175302,0.05634000,-0.00725582,1
0.61152500,-0.09040000,0.36051000,-0.19243926,0.02799000,0.17635306,1
-0.67142700,0.82740000,0.68814100,-0.11209276,0.07252000,0.13324896,1
-0.03647800,0.03739000,-0.55479500,0.13364780,0.10248000,-0.11347960,1
-0.01732400,-0.00720000,-0.77787200,0.27964066,-0.01370000,-0.00049270,1
-0.02110600,-0.01790000,-0.76439100,0.16346746,-0.06370000,-0.19607796,1
0.10187000,-0.02620000,-0.73810000,0.12205050,0.05007000,-0.16672084,1
0.13035700,0.89640000,0.16860400,0.13167726,0.04841000,0.12937028,1
0.50001700,0.11206000,0.01329800,-0.10818574,0.00717000,0.13930436,1
-1.43179200,-1.13970000,0.72913300,-0.22226230,0.01217000,0.15113904,1
0.11278900,-0.34900000,-0.42663400,-0.20120594,0.03833000,-0.03096548,1
-0.00317200,-0.08340000,-0.51416900,-0.14897532,-0.00240000,0.37690484,1
0.25955500,0.06741000,-0.24332900,-0.03047954,-0.06810000,-0.05762016,1
-0.18415900,-0.03750000,0.25711500,0.07384806,0.08030000,-0.25837032,1
-0.09851500,-0.01270000,-0.62470100,0.22776962,0.09847000,0.15828124,1
-0.08527800,-0.06320000,-0.14469200,0.16394144,-0.04220000,-0.33725328,1
0.39662200,0.41931000,1.21304600,0.15494180,-0.03250000,-0.10077990,1
-0.06886900,-0.19070000,-0.18446400,0.03687372,0.02741000,0.17874922,1
-0.01592100,0.01043000,-0.55327000,-0.23411622,0.03306000,0.13851032,1
-0.30939200,0.38046000,1.19804000,-0.15691208,-0.03520000,0.08824010,1
-0.02592500,0.02342000,-0.58035400,-0.17551950,-0.05510000,-0.00469846,1
-0.02921900,-0.00200000,-0.71101600,-0.13071032,0.01195000,0.14962558,1
-0.02708400,-0.04580000,-0.68466400,0.15728050,0.06455000,0.01089062,1
-0.06771000,0.00537000,0.21722100,0.16039010,-0.01460000,-0.15519686,1
-0.01775100,0.01208000,-0.68204100,0.15753634,-0.03300000,-0.19295302,1
0.29042100,0.25266000,0.06691700,0.13775424,0.03695000,-0.03025542,1
0.19959200,0.24961000,0.13218700,-0.10638134,-0.00300000,0.15384824,1
-0.16482200,-0.05630000,0.05538800,-0.18883800,-0.00750000,0.01750632,1
0.06350100,-0.10160000,-0.46317300,-0.16962114,-0.05920000,0.01396044,1
0.11956000,0.07631000,0.47872800,-0.00429494,0.01029000,0.13313898,1
-0.00158600,0.05783000,0.62018700,0.19189638,0.08911000,-0.15145598,1
0.05654700,0.03361000,0.18788000,0.14338584,-0.06310000,-0.16829488,1
0.01274900,0.06314000,0.34495500,-0.01739140,-0.03140000,0.16501550,1
0.02055700,-0.09949100,-0.32671600,-0.00028730,0.00169312,0.00028314,1
-0.06929600,-0.01043100,0.00475800,0.00001300,0.00066742,0.00005850,1
-0.02629100,0.03745400,0.01457900,0.00021710,0.00353626,-0.00013858,1
0.12017000,0.07838500,0.14640000,-0.00050726,0.00228566,0.00037804,1
-0.04141900,0.03592900,-0.16567600,0.00044148,0.00004420,-0.00020722,1
0.04062600,0.08015400,0.16152800,-0.00017862,0.00317226,0.00023114,1
-0.01549400,0.02860900,0.01549400,0.00002028,-0.00603100,0.00014196,1
-0.10101600,-0.19776200,-0.57486400,0.00057434,-0.00218090,-0.00028496,1
-0.22191800,-0.08045900,-0.46299000,-0.00041990,0.03395054,0.00036192,1
0.08056641,0.01635742,0.97290040,-2.74045800,-1.74809200,-0.19847330,0
0.08032227,0.02343750,0.96069340,-2.80916000,-1.50381700,-0.33587790,0
0.07373047,0.02270508,0.96020510,-2.82442700,-1.60305300,-0.35114500,0
0.08276367,0.01977539,0.95605470,-2.92366400,-1.66412200,-0.45801530,0
0.08569336,0.01562500,0.96264650,-2.82442700,-1.45038200,-0.38167940,0
0.07543945,0.01831055,0.95898440,-2.79389300,-1.68702300,-0.19847330,0
0.08471680,0.01977539,0.96191410,-2.79389300,-1.64122100,-0.41984730,0
0.08227539,0.01733398,0.96264650,-2.79389300,-1.47328200,-0.24427480,0
0.08374023,0.02490234,0.95947270,-3.04580200,-1.45801500,-0.27480910,0
0.07885742,0.02221680,0.96069340,-2.93129800,-1.24427500,-0.31297710,0
0.08227539,0.02075195,0.95507810,-2.90076300,-1.45038200,-0.32061070,0
0.08325195,0.01782227,0.96752930,-2.99236600,-1.51145000,-0.25954200,0
0.07690430,0.02124023,0.95874020,-2.84732800,-1.70229000,-0.41984730,0
0.07983398,0.01782227,0.95434570,-2.73282400,-1.54961800,-0.29007640,0
0.07568359,0.01342773,0.96484380,-2.83206100,-1.54961800,-0.25954200,0
0.07958984,0.02465820,0.96801760,-2.89313000,-1.45038200,-0.48854960,0
0.08837891,0.01806641,0.95947270,-2.93129800,-1.67938900,-0.35114500,0
0.08911133,0.01806641,0.96191410,-2.87786300,-1.57251900,-0.06870229,0
0.08618164,0.02319336,0.95605470,-2.82442700,-1.53435100,-0.35877860,0
0.07934570,0.01757813,0.96166990,-2.93129800,-1.62595400,-0.25954200,0
0.07617188,0.02514648,0.95288090,-2.97709900,-1.59542000,-0.35114500,0
0.08178711,0.02001953,0.96923830,-2.90076300,-1.65648900,-0.44274810,0
0.08569336,0.01782227,0.96533200,-2.82442700,-1.68702300,-0.25954200,0
0.07836914,0.01806641,0.96386720,-2.92366400,-1.57251900,-0.20610690,0
0.07739258,0.02441406,0.96801760,-2.94656500,-1.65648900,-0.22137410,0
0.08081055,0.02001953,0.95922850,-2.77862600,-1.67938900,-0.25190840,0
0.08032227,0.01977539,0.95971680,-2.91603100,-1.50381700,-0.39694660,0
0.08715820,0.01513672,0.96630860,-2.90076300,-1.77099200,-0.19083970,0
0.07739258,0.02246094,0.96142580,-2.76335900,-1.56488600,-0.32061070,0
0.08032227,0.02197266,0.95434570,-2.86259500,-1.58778600,-0.36641220,0
0.08105469,0.02172852,0.97094730,-2.64122100,-1.52671800,-0.31297710,0
0.07763672,0.01416016,0.96337890,-2.93129800,-1.70229000,-0.38931300,0
0.07934570,0.02270508,0.96411130,-2.88549600,-1.54198500,-0.30534350,0
0.08032227,0.02465820,0.96704100,-2.91603100,-1.45801500,-0.33587790,0
0.07446289,0.02172852,0.96557620,-2.89313000,-1.54961800,-0.35114500,0
0.07788086,0.02026367,0.96435550,-2.88549600,-1.67938900,-0.19083970,0
0.08740234,0.01660156,0.96972660,-2.80152700,-1.51145000,-0.34351150,0
0.08618164,0.01806641,0.96093750,-2.77862600,-1.62595400,-0.25190840,0
0.08374023,0.01879883,0.97216800,-2.77862600,-1.54198500,-0.16030530,0
0.07641602,0.01733398,0.96508790,-2.91603100,-1.61068700,-0.18320610,0
0.07763672,0.02001953,0.95532230,-3.01526700,-1.61068700,-0.38167940,0
0.07934570,0.02148438,0.95971680,-2.96183200,-1.61068700,-0.41984730,0
0.08618164,0.01831055,0.96704100,-2.86259500,-1.67938900,-0.38167940,0
0.08154297,0.02368164,0.95849610,-2.80152700,-1.55725200,-0.42748090,0
0.08886719,0.02246094,0.96289060,-2.64122100,-1.67938900,-0.32061070,0
0.08544922,0.01977539,0.95971680,-2.93129800,-1.43511400,-0.54198470,0
0.08569336,0.02075195,0.96069340,-2.90076300,-1.48855000,-0.09923664,0
0.08642578,0.01586914,0.96435550,-2.84732800,-1.43511400,-0.32824430,0
0.07910156,0.01904297,0.96264650,-2.88549600,-1.58778600,-0.23664120,0
0.07763672,0.01831055,0.95434570,-2.77862600,-1.37404600,-0.39694660,0
0.08374023,0.02124023,0.96875000,-2.97709900,-1.62595400,-0.27480910,0
0.08007813,0.02099609,0.96362300,-2.82442700,-1.63358800,-0.35114500,0
0.08618164,0.02465820,0.95336910,-2.96183200,-1.72519100,-0.30534350,0
0.08105469,0.02392578,0.96435550,-3.00000000,-1.44274800,-0.31297710,0
0.08666992,0.01708984,0.96313480,-2.66412200,-1.54198500,-0.29770990,0
0.07421875,0.01733398,0.96386720,-2.86259500,-1.52671800,-0.35114500,0
0.08300781,0.01806641,0.95703130,-2.83206100,-1.58778600,-0.32061070,0
0.07910156,0.02832031,0.96752930,-2.90076300,-1.48091600,-0.48091600,0
0.07739258,0.01928711,0.95654300,-2.98473300,-1.50381700,-0.19083970,0
0.08764648,0.01831055,0.96142580,-2.86259500,-1.46564900,-0.33587790,0
0.08325195,0.02490234,0.96337890,-2.78626000,-1.58778600,-0.21374040,0
0.08032227,0.00976562,0.95556640,-2.80916000,-1.40458000,-0.34351150,0
0.08862305,0.01440430,0.96215820,-2.83969500,-1.74045800,-0.22900760,0
0.08544922,0.02026367,0.96899410,-2.89313000,-1.74045800,-0.29007640,0
0.08154297,0.02221680,0.95483400,-2.85496200,-1.63358800,-0.17557250,0
0.07763672,0.01562500,0.96313480,-2.84732800,-1.32824400,-0.29007640,0
0.08764648,0.01757813,0.95800780,-2.80152700,-1.61068700,-0.40458020,0
0.07812500,0.02050781,0.96093750,-2.93129800,-1.46564900,-0.22137410,0
0.07934570,0.02319336,0.96411130,-2.93893100,-1.49618300,-0.41221380,0
0.08178711,0.02075195,0.96044920,-2.84732800,-1.59542000,-0.31297710,0
0.07714844,0.01977539,0.96093750,-2.88549600,-1.51145000,-0.22900760,0
0.08105469,0.01171875,0.94970700,-2.90076300,-1.56488600,-0.26717560,0
0.08081055,0.01660156,0.96289060,-2.77862600,-1.56488600,-0.16030530,0
0.08007813,0.01684570,0.96069340,-2.75572500,-1.51908400,-0.15267180,0
0.08666992,0.01928711,0.96289060,-3.06106900,-1.66412200,-0.30534350,0
0.08325195,0.02246094,0.96166990,-2.80152700,-1.64885500,-0.31297710,0
0.08764648,0.02416992,0.96582030,-2.80152700,-1.71755700,-0.28244280,0
0.07397461,0.02001953,0.96166990,-2.88549600,-1.50381700,-0.22900760,0
0.08422852,0.02026367,0.96118160,-2.73282400,-1.60305300,-0.22900760,0
0.07910156,0.01806641,0.96191410,-2.80916000,-1.59542000,-0.28244280,0
0.07470703,0.02636719,0.96118160,-2.90076300,-1.47328200,-0.23664120,0
0.07690430,0.02270508,0.95678710,-2.80916000,-1.65648900,-0.24427480,0
0.08740234,0.01684570,0.96264650,-2.83969500,-1.53435100,-0.21374040,0
0.08715820,0.02075195,0.96337890,-2.70992400,-1.69465600,-0.44274810,0
0.08227539,0.01806641,0.96362300,-2.82442700,-1.58778600,-0.29007640,0
0.08544922,0.02026367,0.95214840,-2.80916000,-1.45801500,-0.30534350,0
0.07104492,0.02124023,0.96728520,-2.80916000,-1.61832100,-0.24427480,0
0.08325195,0.01855469,0.95288090,-2.82442700,-1.64885500,-0.29007640,0
0.09204102,0.01464844,0.96362300,-2.77099200,-1.58778600,-0.29007640,0
0.07934570,0.02294922,0.95947270,-2.90076300,-1.58015300,-0.35877860,0
0.08520508,0.01953125,0.96435550,-2.76335900,-1.48855000,-0.40458020,0
0.08154297,0.02099609,0.96459960,-2.80152700,-1.58778600,-0.27480910,0
0.07543945,0.01904297,0.95825200,-2.87022900,-1.74809200,-0.43511450,0
0.07519531,0.01708984,0.96240230,-2.83969500,-1.41221400,-0.26717560,0
0.08398438,0.02026367,0.95117190,-2.90076300,-1.46564900,-0.25954200,0
0.07934570,0.01635742,0.96240230,-2.80152700,-1.74809200,-0.41984730,0
0.08520508,0.02001953,0.95629880,-2.85496200,-1.54198500,-0.36641220,0
0.08007813,0.02050781,0.96240230,-2.77862600,-1.47328200,-0.16030530,0
0.08251953,0.02197266,0.96337890,-2.79389300,-1.70229000,-0.44274810,0
0.07690430,0.02099609,0.96215820,-2.80916000,-1.55725200,-0.43511450,0
0.08935547,0.01367188,0.96337890,-3.02290100,-1.55725200,-0.30534350,0
0.07763672,0.02465820,0.95336910,-2.85496200,-1.67938900,-0.21374040,0
0.08203125,0.02075195,0.96459960,-2.80916000,-1.58778600,-0.22137410,0
0.08837891,0.01879883,0.97680660,-2.93893100,-1.50381700,-0.13740460,0
0.07690430,0.01586914,0.96337890,-2.74809200,-1.51908400,-0.32824430,0
0.07714844,0.02563477,0.96069340,-2.85496200,-1.58778600,-0.41984730,0
0.08544922,0.02148438,0.95849610,-2.94656500,-1.52671800,-0.16793890,0
0.08178711,0.01855469,0.96508790,-3.00763400,-1.85496200,-0.24427480,0
0.07763672,0.01611328,0.96093750,-2.85496200,-1.64885500,-0.25954200,0
0.08251953,0.02050781,0.95703130,-2.84732800,-1.48855000,-0.23664120,0
0.08764648,0.01733398,0.96899410,-2.83206100,-1.59542000,-0.29770990,0
0.08007813,0.01806641,0.95483400,-2.83206100,-1.58015300,-0.43511450,0
0.08032227,0.01904297,0.95849610,-2.64885500,-1.43511400,-0.34351150,0
0.08276367,0.02246094,0.95629880,-2.95419800,-1.43511400,-0.32824430,0
0.07690430,0.01806641,0.95727540,-3.03053400,-1.43511400,-0.52671760,0
0.08227539,0.01904297,0.96142580,-2.85496200,-1.54961800,-0.19083970,0
0.07910156,0.01440430,0.96508790,-2.93893100,-1.53435100,-0.34351150,0
0.07470703,0.02270508,0.95947270,-2.67938900,-1.47328200,-0.26717560,0
0.07641602,0.01782227,0.96118160,-2.99236600,-1.61068700,-0.33587790,0
0.08569336,0.02197266,0.96582030,-2.79389300,-1.71755700,-0.40458020,0
0.08593750,0.01904297,0.96044920,-2.83969500,-1.57251900,-0.45038170,0
0.08764648,0.02148438,0.96191410,-2.83206100,-1.64885500,-0.34351150,0
0.07421875,0.02075195,0.96337890,-2.84732800,-1.74809200,-0.25190840,0
0.07250977,0.02270508,0.96020510,-2.84732800,-1.54198500,-0.36641220,0
0.08740234,0.01806641,0.96435550,-2.91603100,-1.53435100,-0.25954200,0
0.08593750,0.01196289,0.95996090,-2.84732800,-1.52671800,-0.38167940,0
0.07641602,0.02075195,0.96118160,-2.79389300,-1.36641200,-0.42748090,0
0.08325195,0.02148438,0.96020510,-2.86259500,-1.57251900,-0.20610690,0
0.08276367,0.01464844,0.95971680,-2.83206100,-1.50381700,-0.12213740,0
0.08984375,0.02148438,0.95849610,-2.78626000,-1.52671800,-0.27480910,0
0.07910156,0.02050781,0.96313480,-2.80916000,-1.47328200,-0.33587790,0
0.07861328,0.01977539,0.96948240,-2.76335900,-1.66412200,-0.28244280,0
0.08154297,0.02416992,0.95581050,-3.02290100,-1.51145000,-0.55725190,0
0.08520508,0.01611328,0.95849610,-2.91603100,-1.67175600,-0.28244280,0
0.07983398,0.01464844,0.96264650,-2.83969500,-1.70229000,-0.38167940,0
0.08764648,0.01220703,0.96386720,-2.78626000,-1.58778600,-0.29007640,0
0.07739258,0.01611328,0.95849610,-3.04580200,-1.62595400,-0.31297710,0
0.07592773,0.01660156,0.96972660,-2.77099200,-1.61832100,-0.43511450,0
0.08911133,0.02172852,0.96630860,-3.06106900,-1.67938900,-0.43511450,0
0.07666016,0.01831055,0.95874020,-3.06870200,-1.63358800,-0.19083970,0
0.07763672,0.02001953,0.95751950,-2.57251900,-1.67175600,-0.27480910,0
0.07641602,0.01464844,0.95385740,-2.91603100,-1.68702300,-0.16030530,0
0.09033203,0.01708984,0.95312500,-2.71755700,-1.57251900,-0.29770990,0
0.08349609,0.01879883,0.96313480,-2.80152700,-1.64122100,-0.30534350,0
0.07592773,0.01904297,0.96313480,-2.83969500,-1.52671800,-0.28244280,0
0.07519531,0.02001953,0.95556640,-3.00000000,-1.51908400,-0.16793890,0
0.07080078,0.01660156,0.95996090,-2.88549600,-1.61832100,-0.33587790,0
0.07446289,0.02905273,0.96142580,-2.69465600,-1.60305300,-0.38167940,0
0.07812500,0.01660156,0.96386720,-2.78626000,-1.50381700,-0.23664120,0
0.09008789,0.01977539,0.95849610,-2.93129800,-1.57251900,-0.41984730,0
0.08862305,0.01831055,0.96069340,-2.66412200,-1.44274800,-0.38167940,0
0.07470703,0.01855469,0.96289060,-2.86259500,-1.54961800,-0.19847330,0
0.08276367,0.01757813,0.96313480,-2.67938900,-1.50381700,-0.34351150,0
0.07592773,0.02172852,0.96484380,-2.88549600,-1.57251900,-0.25190840,0
0.08471680,0.01953125,0.96142580,-2.77099200,-1.50381700,-0.31297710,0
0.08105469,0.02001953,0.95263670,-2.65648900,-1.61068700,-0.26717560,0
0.07861328,0.02124023,0.95776370,-2.91603100,-1.64122100,-0.48854960,0
0.07885742,0.02246094,0.96240230,-2.90839700,-1.70229000,-0.45801530,0
0.08740234,0.02124023,0.96069340,-2.83969500,-1.72519100,-0.31297710,0
0.07397461,0.02270508,0.95605470,-2.68702300,-1.60305300,-0.40458020,0
0.08032227,0.01367188,0.96582030,-2.89313000,-1.74809200,-0.32061070,0
0.08398438,0.01635742,0.95507810,-2.75572500,-1.51145000,-0.40458020,0
0.07275391,0.01953125,0.95532230,-2.78626000,-1.48855000,-0.20610690,0
0.08276367,0.02050781,0.95678710,-2.76335900,-1.32824400,-0.15267180,0
0.07861328,0.02172852,0.95922850,-2.93893100,-1.74809200,-0.34351150,0
0.08715820,0.01733398,0.96679690,-2.81679400,-1.48091600,-0.45038170,0
0.07690430,0.01831055,0.95800780,-2.87022900,-1.51145000,-0.49618320,0
0.08886719,0.02197266,0.96557620,-2.98473300,-1.61068700,-0.21374040,0
0.08374023,0.02758789,0.96826170,-2.92366400,-1.69465600,-0.32824430,0
0.08471680,0.01782227,0.96215820,-2.83969500,-1.63358800,-0.35877860,0
0.07812500,0.02124023,0.95776370,-2.87022900,-1.45038200,-0.44274810,0
0.07617188,0.02099609,0.95800780,-2.88549600,-1.53435100,-0.28244280,0
0.08764648,0.01953125,0.96093750,-2.77862600,-1.51145000,-0.25190840,0
0.08105469,0.02221680,0.95507810,-2.86259500,-1.45801500,-0.37404580,0
0.08276367,0.01879883,0.95800780,-2.83206100,-1.34351100,-0.28244280,0
0.07934570,0.02294922,0.96850590,-2.86259500,-1.67938900,-0.46564880,0
0.09033203,0.01440430,0.96020510,-3.24427500,-1.67175600,-0.29770990,0
0.07861328,0.02246094,0.95556640,-3.03816800,-1.45801500,-0.37404580,0
0.08374023,0.01904297,0.96142580,-2.96946600,-1.47328200,-0.29770990,0
0.07739258,0.02124023,0.95483400,-2.85496200,-1.69465600,-0.39694660,0
0.07934570,0.02465820,0.95776370,-2.67175600,-1.74045800,-0.40458020,0
0.08618164,0.01831055,0.96264650,-2.80916000,-1.63358800,-0.36641220,0
0.08544922,0.01635742,0.96166990,-2.67938900,-1.64122100,-0.14503820,0
0.08227539,0.01440430,0.96899410,-2.75572500,-1.62595400,-0.29007640,0
0.08398438,0.01928711,0.96997070,-2.96946600,-1.74045800,-0.28244280,0
0.07617188,0.02124023,0.95581050,-2.80916000,-1.53435100,-0.46564880,0
0.08642578,0.01660156,0.96166990,-2.94656500,-1.59542000,-0.10687020,0
0.08227539,0.01562500,0.96582030,-2.86259500,-1.52671800,-0.37404580,0
0.08813477,0.01538086,0.96069340,-2.82442700,-1.58015300,-0.28244280,0
0.08691406,0.01489258,0.96191410,-2.88549600,-1.64122100,-0.29770990,0
0.07934570,0.01611328,0.95776370,-2.93129800,-1.66412200,-0.36641220,0
0.08837891,0.02148438,0.96264650,-2.96946600,-1.40458000,-0.16030530,0
0.07910156,0.02124023,0.97070310,-2.95419800,-1.74045800,-0.12977100,0
0.08081055,0.02050781,0.95629880,-2.82442700,-1.58015300,-0.20610690,0
0.06933594,0.01879883,0.96020510,-2.90076300,-1.66412200,-0.30534350,0
0.08105469,0.02343750,0.96142580,-2.85496200,-1.58778600,-0.25190840,0
0.08227539,0.01831055,0.96435550,-2.90839700,-1.64885500,-0.36641220,0
0.08129883,0.01831055,0.95458980,-2.93129800,-1.54961800,-0.41221380,0
0.07885742,0.01684570,0.95971680,-2.76335900,-1.45801500,-0.12213740,0
0.07983398,0.01977539,0.96093750,-2.74809200,-1.78626000,-0.31297710,0
0.07861328,0.01806641,0.96093750,-2.91603100,-1.54198500,-0.53435120,0
0.08178711,0.02270508,0.95727540,-3.09160300,-1.53435100,-0.40458020,0
0.07568359,0.01440430,0.95971680,-2.90839700,-1.77862600,-0.40458020,0
0.07788086,0.02124023,0.96191410,-2.90839700,-1.64122100,-0.35877860,0
0.08374023,0.01953125,0.94946290,-2.77862600,-1.56488600,-0.36641220,0
0.08520508,0.01806641,0.96264650,-2.83206100,-1.51145000,-0.18320610,0
0.08276367,0.01367188,0.95556640,-3.03816800,-1.61832100,-0.29007640,0
0.07958984,0.01000977,0.95483400,-2.81679400,-1.60305300,-0.35877860,0
0.07812500,0.01708984,0.96508790,-2.94656500,-1.54961800,-0.42748090,0
0.08398438,0.02075195,0.95703130,-2.92366400,-1.71755700,-0.33587790,0
0.08032227,0.01977539,0.96215820,-2.93129800,-1.54961800,-0.32824430,0
0.08374023,0.02221680,0.96337890,-2.91603100,-1.78626000,-0.29007640,0
0.08203125,0.01831055,0.96093750,-2.88549600,-1.47328200,-0.06106870,0
0.08764648,0.02221680,0.95800780,-3.08396900,-1.48091600,-0.45038170,0
0.08105469,0.01928711,0.96386720,-2.90076300,-1.62595400,-0.17557250,0
0.08300781,0.02221680,0.95434570,-2.90839700,-1.48091600,-0.31297710,0
0.08471680,0.01733398,0.96118160,-2.89313000,-1.48091600,-0.39694660,0
0.07446289,0.02221680,0.96630860,-3.05343500,-1.42748100,-0.27480910,0
0.07690430,0.01928711,0.95043950,-2.90839700,-1.51145000,-0.15267180,0
0.08349609,0.01953125,0.96801760,-2.92366400,-1.50381700,-0.44274810,0
0.07592773,0.02685547,0.96582030,-2.83206100,-1.61068700,-0.15267180,0
0.07470703,0.02490234,0.97509770,-2.79389300,-1.62595400,-0.23664120,0
0.08325195,0.01611328,0.96435550,-2.73282400,-1.66412200,-0.24427480,0
0.08105469,0.01293945,0.96142580,-2.87786300,-1.64122100,-0.22900760,0
0.08740234,0.01928711,0.95996090,-2.83969500,-1.45038200,-0.41221380,0
0.07519531,0.01806641,0.96557620,-2.83206100,-1.73282400,-0.32824430,0
0.08056641,0.01928711,0.96386720,-3.04580200,-1.58015300,-0.41984730,0
0.07983398,0.02416992,0.95898440,-2.90076300,-1.55725200,-0.22137410,0
0.07177734,0.02099609,0.95825200,-2.78626000,-1.72519100,-0.21374040,0
0.07202148,0.02001953,0.95727540,-2.83969500,-1.54198500,-0.15267180,0
0.08789063,0.01171875,0.95874020,-2.79389300,-1.39694700,-0.29770990,0
0.08154297,0.01928711,0.95751950,-2.74809200,-1.51908400,-0.40458020,0
0.08227539,0.02685547,0.96362300,-2.94656500,-1.58778600,-0.16793890,0
0.08178711,0.02124023,0.96386720,-2.80916000,-1.51908400,-0.33587790,0
0.07666016,0.02416992,0.96679690,-2.73282400,-1.46564900,-0.22137410,0
0.07543945,0.02343750,0.96289060,-2.73282400,-1.74809200,-0.25190840,0
0.07568359,0.01757813,0.95776370,-2.89313000,-1.47328200,-0.25954200,0
0.08032227,0.02612305,0.97021480,-2.90839700,-1.71755700,-0.33587790,0
0.07885742,0.01757813,0.96362300,-3.00763400,-1.66412200,-0.25954200,0
0.07543945,0.02148438,0.96826170,-2.82442700,-1.51908400,-0.31297710,0
0.07788086,0.02246094,0.96264650,-2.79389300,-1.53435100,-0.60305350,0
0.07641602,0.01953125,0.95971680,-2.76335900,-1.46564900,-0.22137410,0
0.09057617,0.02246094,0.95312500,-2.96946600,-1.46564900,-0.31297710,0
0.08740234,0.01245117,0.97094730,-2.61068700,-1.65648900,-0.38167940,0
0.07299805,0.02294922,0.97143550,-2.67938900,-1.59542000,-0.16030530,0
0.08520508,0.01782227,0.96508790,-2.93893100,-1.66412200,-0.45801530,0
0.08471680,0.01757813,0.95971680,-2.88549600,-1.66412200,-0.32061070,0
0.07885742,0.02099609,0.96289060,-2.89313000,-1.45801500,-0.25190840,0
0.07080078,0.01562500,0.95800780,-2.81679400,-1.50381700,-0.37404580,0
0.08422852,0.01855469,0.95971680,-3.06870200,-1.74045800,-0.06106870,0
